name,longitude,latitude
American-Playground,40.7287796,-73.95790625
Amersfort-Park,40.62865494,-73.93901443
Bartel-Pritchard-Square,40.66099958,-73.97986949
Beattie-Square,40.69643082,-73.93454347
Bensonhurst-Park,40.59726657,-74.00082814
Betsy-Head-Memorial-Playground,40.662695,-73.91333633
Brooklyn-Botanic-Garden,40.66811275,-73.96457436
Brower-Park,40.6739368,-73.94319887
Maria-Hernandez-Park,40.70317127,-73.92386495
Bushwick-Playground_Knickerbocker-Ave,40.69607127,-73.91215311
Canarsie-Park,40.62798483,-73.89425305
Carroll-Park,40.68109036,-73.99543263
Commodore-Barry-Park,40.69730107,-73.97892001
Middleton-Playground,40.70068128,-73.95542066
lafayette-playground_stillwell-ave,40.59456407,-73.98536984
Cooper-Park,40.71587948,-73.93732662
Cuyler-Gore-Park,40.68569884,-73.97216964
Veterans-Triangle,40.65690146,-73.90387258
Dyker-Beach-Park,40.61175738,-74.01819188
Eastern-Parkway,40.67088482,-73.95970468
Eastern-Parkway-Extension,40.66891424,-73.92134145
Fidelity-Triangle,40.72186068,-73.9418219
Fort-Greene-Park,40.69150404,-73.97545412
Fort-Hamilton-Triangle,40.61640345,-74.03074893
John-Paul-Jones-Park,40.611084,-74.03385449
Fort-Stirling-Park,40.69847645,-73.99654857
Freedom-Triangle,40.6972413,-73.93181461
Fulton-Park,40.67975264,-73.93288279
Grand-Army-Plaza,40.6740402,-73.96929704
Grant-Gore,40.67648282,-73.95280608
Gravesend-Park,40.62340296,-73.9840818
Greenpoint-Playground,40.73569262,-73.95917891
Dr-Ronald-McNair-Park,40.67052596,-73.9619679
Heisser-Triangle,40.69871156,-73.91790789
Highland-Park,40.68865883,-73.8861146
Brooklyn-Museum,40.67069732,-73.96372978
Irving-Square-Park,40.69245291,-73.90920105
van-voorhees-park,40.69087076,-73.99939574
Kelly-Park-Playground,40.60415213,-73.95766476
Leif-Ericson-Park,40.63080099,-74.01187882
Lincoln-Terrace-Arthur-S-Somers-Park,40.66678955,-73.92718829
Sternberg-Park,40.7062314,-73.947236
martin-luther-king-playground_manhattan,40.80017871,-73.95038413
Marine-Park,40.59206744,-73.92091968
McCarren-Park,40.72148813,-73.9526896
McKinley-Park,40.62673997,-74.01643967
McLaughlin-Park,40.69651562,-73.98606581
Memorial-Gore,40.71484136,-73.94237897
Milestone-Park,40.60952502,-73.99950155
Ocean-Parkway-Malls,40.62175279,-73.9701908
Owls-Head-Park,40.64008962,-74.03236453
Parade-Ground,40.6508881,-73.96832853
Machate-Circle,40.65102597,-73.97218989
Prospect-Park,40.66166595,-73.97076952
Coffey-Park,40.67761935,-74.00851769
Grace-Playground,40.67143242,-73.89444584
Saratoga-Park,40.68498035,-73.91899958
asser-levy-park-and-aquarium,40.5743278,-73.97320631
Shore-Park-and-Parkway,40.61459998,-74.03818945
Metropolitan-Recreation-Center,40.7150238,-73.96031128
Sunset-Park,40.64797599,-74.00374327
Herbert-Von-King-Park,40.6896722,-73.94661996
Lowry-Triangle,40.6806342,-73.96452284
Sobel-Playground,40.70736457,-73.96153403
Weeksville-Playground,40.67715189,-73.91948284
Sgt-Joyce-Kilmer-Triangle,40.60788522,-73.96068726
Ennis-Playground,40.67080793,-73.99378917
Sgt-William-Dougherty-Playground,40.723738,-73.93709645
Sledge-Playground,40.63818875,-73.89779366
Martin-Luther-Playground,40.64578963,-74.01975552
Lt-Joseph-Petrosino-Park,40.61907241,-73.99845337
Seth-Low-Playground-Bealin-Square,40.60822091,-73.98632481
Crispus-Attucks-Playground,40.68155975,-73.95922114
Cypress-Hills-Playground,40.67043786,-73.87170439
Taaffe-Playground,40.69525338,-73.96070346
Scarangella-Park,40.59466557,-73.9843399
Lions-Pride-Playground,40.66264676,-73.89975276
Bill-Brown-Playground,40.59216679,-73.94566271
Marion-Hopkinson-Playground,40.68168586,-73.91357542
j-j-byrne-playground,40.67280581,-73.98417831
washington-park_brooklyn,40.67303674,-73.98552994
Korean-War-Veterans-Plaza,40.69559452,-73.99056202
Columbus-Park,40.69372458,-73.9899349
Walt-Whitman-Park,40.69827436,-73.9893684
Msgr-McGolrick-Park,40.72444764,-73.94336802
Cohn-Triangle,40.7073544,-73.96464296
Zion-Triangle,40.66866904,-73.91875251
Lindsay-Triangle,40.70418692,-73.948286
St-Marys-Park,40.81173114,-73.91254827
Dodger-Playground,40.66487474,-73.95235855
Alben-Triangle,40.63941914,-73.99458028
William-Sheridan-Playground,40.71521206,-73.96415009
Calvert-Vaux-Park,40.58464589,-73.99511764
Todd-Triangle,40.6720974,-74.00870386
Martinez-Playground,40.70910521,-73.94437245
Colonel-David-Marcus-Playground,40.6097029,-73.96958866
Greenwood-Playground,40.65020163,-73.97641793
Rudd-Playground,40.68324154,-73.90528277
Gilbert-Ramirez-Park,40.70597601,-73.93449886
Newtown-Barge-Playground,40.73592431,-73.96003406
Sixteen-Sycamores-Playground,40.68679334,-73.98100471
Heckscher-Playground,40.69517601,-73.9184474
Banneker-Playground,40.6903597,-73.94903746
City-Line-Park,40.67954778,-73.8748161
Bedford-Playground,40.70831904,-73.96387315
Ocean-Hill-Playground,40.67442621,-73.91218723
Thomas-Greene-Playground,40.68031748,-73.98535032
Quaker-Parrot-Park-at-the-Dust-Bowl,40.63267825,-74.01346533
Monsignor-Crawford-Field,40.61406142,-73.91679792
Elton-Playground,40.66598852,-73.88078663
Linwood-Playground,40.66614134,-73.88040211
Kolbert-Playground,40.62003823,-73.95802141
Dome-Playground,40.63822483,-73.98023338
Rappaport-Playground,40.63691935,-74.00067861
South-Pacific-Playground,40.67565147,-73.92027104
Berry-Playground,40.71264039,-73.96350996
Triangle,40.8245208,-73.91087804
Powell-Playground,40.67127084,-73.90479903
Garibaldi-Playground,40.60898213,-74.00012143
Mount-Prospect-Park,40.67165542,-73.96661964
Ketchum-Triangle,40.60550414,-73.98232453
Underhill-Playground,40.67668948,-73.96573355
Sperandeo-Brothers-Playground,40.67690091,-73.88435116
Bath-Beach-Park,40.60246271,-74.01112464
Spring-Creek-Park,40.64852447,-73.8730864
Homecrest-Playground,40.58602714,-73.95728307
Coney-Island-Boat-Basin,40.58386416,-73.99205696
Sixteen-Lindens-Triangle,40.58434306,-73.95221447
La-Guardia-Playground,40.71045835,-73.95968341
Continental-Army-Plaza,40.71060029,-73.9604552
Coney-Island-Beach-and-Boardwalk,40.572689,-73.97828386
Brighton-Playground,40.5752008,-73.9653701
Poseidon-Playground,40.57246913,-73.99209323
Linden-Sitting-Area,40.65400377,-73.91843275
Heffernan-Triangle,40.64598745,-73.99479789
Fraser-Square,40.61997028,-73.94122856
Dahill-Triangle,40.61290664,-73.97499306
Trust-Triangle,40.61627126,-73.92962587
Flatbush-Malls,40.63261544,-73.96035721
Flatbush-Mall,40.62975382,-73.96032898
Howard-Malls,40.66388851,-73.919868
Avenue-R-Mall,40.60501143,-73.96488631
Barone-Triangle,40.62004093,-73.90744253
Russell-Pedersen-Playground,40.6263648,-74.03612601
Fort-Hamilton-Athletic-Field,40.62666547,-74.0374153
Hamilton-Metz-Field,40.66256852,-73.94093277
Harmony-Triangle,40.70327109,-73.95042144
Pvt-Sonsire-Triangle,40.7184862,-73.95254472
Mellett-Playground,40.59699561,-73.9574604
Kings-Highway-Malls,40.62638451,-73.93291441
Greenstreet,40.620123,-73.91067389
Elizabeth-Stroud-Playground,40.67967144,-73.93108513
Lithuania-Square,40.70888991,-73.95092743
Corporal-Wiltshire-Square,40.61086402,-73.95318632
Sunners-Playground,40.63252563,-73.9296783
Sarsfield-Playground,40.62018909,-73.93746047
Pfc-Norton-Playground,40.61460174,-73.94487422
Galapo-Playground,40.59799329,-73.94676145
DEmic-Playground,40.65599233,-74.00492178
Cough-Triangle,40.67445962,-73.99990478
Admiral-Triangle,40.67688592,-74.00110276
Triangle-Three-Sixteen,40.66729423,-73.9950359
Harold-Ickes-Playground,40.68247487,-74.00590201
Gonzalo-Plasencia-Playground,40.65265527,-74.00847453
Dan-Ross-Playground,40.62275419,-74.02156439
John-J-Carty-Park,40.61325502,-74.03016603
Lady-Moody-Triangle,40.59672703,-73.97444356
Hot-Spot-Tot-Lot,40.63102589,-73.95664682
Gravesend-Triangle,40.59502349,-73.96938737
Linden-Park,40.65903342,-73.88692676
Decatur-Playground,40.68145771,-73.93652183
Raymond-Bush-Playground,40.68636191,-73.93956702
Marcy-Playground,40.69558726,-73.95090137
Paerdegat-Park,40.63806086,-73.93813242
Callahan-Kelly-Playground,40.6783473,-73.90477153
Washington-Hall-Park,40.69533603,-73.96678487
Steuben-Playground,40.69739969,-73.96342222
Pierrepont-Playground,40.69624114,-73.9975877
Dimattina-Playground,40.68000682,-74.00270716
Adam-Yauch-Park,40.69226055,-73.99969986
Brooklyn-Heights-Promenade,40.69436216,-73.9987452
Fruit-Street-Sitting-Area,40.69961989,-73.99633091
Squibb-Park,40.70059371,-73.99587143
Harry-Chapin-Playground,40.7006605,-73.99493379
Anchorage-Plaza,40.70131505,-73.99036892
Clumber-Corner,40.70116547,-73.98918058
Bridge-Park,40.70104867,-73.9857906
Bridge-Park-3,40.70030369,-73.98543435
Trinity-Park,40.69951195,-73.985383
Classon-Triangle,40.69925441,-73.96107228
Penn-Triangle,40.70081551,-73.96084733
Marcy-Park-South,40.70748722,-73.95801009
Rodney-Park-South,40.70754573,-73.95728668
Rodney-Park-Center,40.70856111,-73.9567404
Rodney-Park-North,40.70907614,-73.95634035
Rodney-Playground-South,40.70973296,-73.955923
Rodney-Playground-Center,40.71023089,-73.95556438
Rodney-Playground-North,40.7110917,-73.95498009
Marcy-Green-South,40.70844207,-73.95734723
Marcy-Green-Center,40.70932618,-73.95705133
Marcy-Green-North,40.70998873,-73.95664567
Jaime-Campiz-Playground,40.71363071,-73.95434738
Macri-Triangle,40.71436063,-73.95219816
Father-Giorgio-Triangle,40.7162578,-73.94992134
Lentol-Garden,40.71990887,-73.94514389
Badame-Sessa-Triangle,40.71715008,-73.94848557
St-Andrews-Playground,40.6786855,-73.94223806
Mt-Carmel-Triangle,40.71585185,-73.95163264
Dr-Green-Playground,40.66722644,-73.90677218
Nicholas-Naquan-Heyward-Jr-Park,40.6845985,-73.98787969
Samuel-Goldberg-Triangle,40.6111218,-73.9772322
Dean-Playground,40.68087323,-73.97319748
Tilden-Playground,40.64764929,-73.93142407
Herman-Dolgon-Playground,40.59804349,-73.9399903
Glenwood-Playground,40.63668225,-73.9198596
John-Hancock-Playground,40.68237237,-73.95465171
Sheepshead-Playground,40.58895169,-73.94020149
Tucker-Place,40.58351282,-73.94140481
Meucci-Triangle,40.59573568,-73.98328549
Golconda-Playground,40.69773114,-73.98228359
McDonald-Playground,40.60062985,-73.97202869
Jerome-Playground,40.6589637,-73.8794861
Breukelen-Ballfields,40.65296359,-73.89299883
Van-Dyke-Playground,40.66442689,-73.90400057
Nostrand-Playground,40.63810789,-73.94724992
Manhattan-Beach-Park,40.57732841,-73.94310461
West-Playground,40.5869274,-73.97005759
Albert-J-Parham-Playground,40.69028138,-73.97080057
Wingate-Park,40.65863838,-73.94425671
Purple-Playground,40.66299818,-73.98969555
Detective-Joseph-Mayrose-Park,40.66133686,-73.98767485
Butterfly-Gardens,40.66017264,-73.98649266
Thomas-J-Cuite-Park,40.65424591,-73.97858175
Seeley-Park,40.65332381,-73.97778103
Sitting-Area,40.65246266,-73.97675301
Brooklyn-Academy-Of-Music,40.68649829,-73.97769362
Frost-Playground,40.71871901,-73.93902854
Brevoort-Playground,40.68045396,-73.92270839
Underwood-Park,40.68856034,-73.96641916
Howard-Playground,40.67167401,-73.90815845
Howard-Pool,40.6725281,-73.90945421
Potomac-Playground,40.68203566,-73.94462271
Sumner-Playground,40.69723589,-73.94278957
Roebling-Playground,40.70634774,-73.96179283
Rainbow-Playground,40.64056573,-74.01108374
Star-Spangled-Playground,40.69190953,-73.9580281
Jesse-Owens-Playground,40.6914431,-73.93246808
Brownsville-Playground,40.6567088,-73.90173968
Railroad-Playground,40.64942666,-73.91427312
Marlboro-Playground,40.59120435,-73.98087803
Aimee-Triangle,40.61298388,-73.94400149
Bayview-Playground,40.63486498,-73.88691319
Grady-Playground,40.58305317,-73.96475344
J-W-Person-Square,40.69338762,-73.97304594
Benson-Playground,40.60241858,-74.00220663
Sam-Leggio-Triangle,40.68506595,-73.88194524
Wilson-Playground,40.64256878,-73.89482381
Nellie-Bly-Park,40.5908879,-73.99446758
Marc-And-Jasons-Playground,40.66345233,-73.94946409
Harry-Maze-Playground,40.64339899,-73.92317551
Bartlett-Playground,40.7009147,-73.94604498
Andries-Playground,40.62277189,-73.94642664
Cutinella-Triangle,40.59184971,-73.97684851
Public-Place,40.67827303,-73.86511345
Power-Playground,40.61815313,-73.92732243
Pratt-Playground,40.69260328,-73.96245639
Oxport-Playground,40.6975405,-73.97623096
Albemarle-Playground,40.64574448,-73.98057504
Stockton-Playground,40.6973346,-73.94854494
Oracle-Playground,40.69391086,-73.9715165
Charlies-Place,40.6991186,-73.94601091
Kennedy-King-Playground,40.65861012,-73.9220545
Playground-286,40.59093295,-73.93852109
Tiger-Playground,40.68823936,-73.91098228
Yak-Playground,40.59260624,-73.936536
Pink-Playground,40.66656473,-73.86268273
Ten-Eyck-Playground,40.7088573,-73.93885496
Woodruff-Playground,40.66543929,-73.86606021
El-Shabazz-Playground,40.6827838,-73.93042776
Surf-Playground,40.57365625,-73.9923442
DiGilio-Playground,40.63267847,-73.97714649
Lafayette-Gardens-Playground,40.68958874,-73.9573993
Park-Slope-Playground,40.67685804,-73.97851543
Edmonds-Playground,40.68921801,-73.97155682
Pulaski-Playground,40.69360631,-73.94169585
Hattie-Carthan-Playground,40.68560722,-73.94611963
Jacob-Joffe-Fields,40.62537299,-73.91936836
Fish-Playground,40.67825184,-73.9147725
Cobble-Hill-Park,40.68821974,-73.99599164
Lindower-Park,40.61227835,-73.91159874
Hickman-Playground,40.62025419,-73.91291724
Neptune-Playground,40.57816101,-73.98059287
Evergreen-Playground,40.68614993,-73.91074155
Fermi-Playground,40.70013534,-73.92828436
Bildersee-Playground,40.63549549,-73.91163983
Abe-Stark-Skating-Rink,40.57384705,-73.98551289
Century-Playground,40.57701884,-73.97003499
Tom-McDonald-Triangle,40.62192752,-74.02259307
Newport-Playground,40.66088145,-73.90703442
Garden-Playground,40.70111805,-73.93830278
Osborn-Playground,40.65573485,-73.90607141
Ethan-Allen-Playground,40.6556607,-73.88692855
Ericsson-Playground,40.72017524,-73.94810682
Carver-Playground,40.6802972,-73.92056485
Willoughby-Playground,40.69438605,-73.94674491
Bath-Playground,40.59464528,-73.993567
Stroud-Playground,40.67500791,-73.96192897
Kosciuszko-Pool,40.69121683,-73.94949066
Curtis-Playground,40.64094957,-73.91742819
Bergen-Beach-Playground,40.62240621,-73.9095613
North-Pacific-Playground,40.68530374,-73.98212594
Jackie-Robinson-Playground,40.66581487,-73.95923598
De-Hostos-Playground,40.70269572,-73.94930551
Eleanor-Roosevelt-Playground,40.69281522,-73.93553181
Remsen-Playground,40.64229925,-73.9073517
Boerum-Park,40.68465569,-73.99032743
Chester-Playground,40.66875437,-73.91190816
Houston-Playground,40.67218638,-73.90506774
Woods-Playground,40.67450299,-73.92894183
Duke-Park,40.66681059,-73.89328454
Livonia-Park,40.663931,-73.90200172
The-Cyclone,40.5743928,-73.97771477
Steeplechase-Park,40.57399878,-73.98417781
Friends-Field,40.61856591,-73.97326425
Chiarantano-Playground,40.6358477,-73.93309892
Floyd-Patterson-Ballfields,40.66087673,-73.90408751
University-Place,40.69117471,-73.98161545
Coney-Island-Creek-Park,40.5814317,-74.00380752
Robert-E-Venable-Park,40.67440958,-73.8652238
Thomas-Boyland-Park,40.68185175,-73.9077931
Roberto-Clemente-Ballfield,40.70633433,-73.9677053
Jacobs-Ladder-Playground,40.70488783,-73.96700516
Ten-Eyck-Plaza,40.70929974,-73.9493502
Hilltop-Playground,40.67533709,-73.91434718
Gateway-Triangle,40.68402494,-73.96832609
Umma-Park,40.65350437,-73.96193259
Mother-Cabrini-Park,40.68432962,-74.00475339
Lt-Federico-Narvaez-Tot-Lot,40.64030722,-73.96595928
Lott-Park,40.64815707,-73.95408987
Sheepshead-Bay-Piers,40.58319122,-73.94478269
Four-Sparrow-Marsh,40.60084885,-73.90557805
Green-Central-Knoll,40.70178963,-73.93300752
Nehemiah-Park,40.66179989,-73.90544379
Carter-G-Woodson-Childrens-Park,40.66845639,-73.90580694
Hattie-Carthan-Community-Garden,40.68982582,-73.94850474
Grand-Ferry-Park,40.71656299,-73.96687606
George-Walker-Jr-Park,40.67861598,-73.89512385
Harmony-Park,40.67794383,-73.93443718
Epiphany-Playground,40.70854076,-73.9655518
Paerdegat-Basin-Park,40.62653861,-73.90935686
South-Oxford-Park,40.68355225,-73.97244097
Valentino-Pier,40.67835911,-74.01832946
Sutter-Ballfields,40.67115914,-73.88757484
Lewis-Playground,40.69540703,-73.93789249
Brooklyn-Bridge-Park,40.69189576,-74.00396709
American-Veterans-Memorial-Pier,40.63970214,-74.03781693
Hendrick-I-Lott-House,40.61033124,-73.9326463
Old-Gravesend-Cemetery,40.59451793,-73.97462445
Bushwick-Inlet-Park,40.72281072,-73.96202772
North-5th-Street-Pier-and-Park,40.72024169,-73.96497941
Berriman-Playground,40.65646122,-73.86995218
Beaver-Noll-Park,40.69918338,-73.93660253
Betty-Carter-Park,40.68698465,-73.97740998
Maple-Street-Community-Garden,40.66073596,-73.95290697
Greenpoint-Landing,40.73665703,-73.9601294
Bush-Terminal-Park,40.65109646,-74.02224038
St-Marks-Playground,40.6745739,-73.94049531
GREENSTREET,40.620123,-73.91067389
Babi-Yar-Triangle,40.57938311,-73.95466767
Schloss-Triangle,40.58277078,-73.95698512
Ascenzi-Square,40.71447082,-73.95695046
Jewel-Square,40.67695013,-73.90055511
Abingdon-Square,40.73734901,-74.00536376
Ahearn-Park,40.71477009,-73.98345801
Allen-Mall-One,40.72153161,-73.98920165
Tribeca-Park,40.72021187,-74.00570442
Bowling-Green,40.70501245,-74.0136767
Bryant-Park,40.75374975,-73.98354866
Bennett-Park,40.85284064,-73.93810413
Central-Park,40.78248928,-73.96556206
Chelsea-Park,40.74991522,-74.00064063
Christopher-Park,40.73359615,-74.00224294
City-Hall-Park,40.71303557,-74.00612195
Cooper-Triangle,40.72883433,-73.99076169
Corlears-Hook-Park,40.71177674,-73.97930471
Carmansville-Playground,40.82919627,-73.94424779
Coleman-Playground,40.71062111,-73.99419561
Dante-Park,40.77183726,-73.9825781
A-Philip-Randolph-Square,40.80383341,-73.95241207
De-Witt-Clinton-Park,40.76819027,-73.99428711
Donnellan-Square,40.8270274,-73.94271731
Dorrance-Brooks-Square,40.81826248,-73.94727339
Duane-Park,40.71718438,-74.0094065
Dyckman-House-Museum,40.86746661,-73.92287474
Downing-Street-Playground,40.72981391,-74.0027258
Fort-Washington-Park,40.85609498,-73.94047958
Fort-Tryon-Park,40.86198862,-73.93278277
Thomas-Paine-Park,40.71483345,-74.002773
Amelia-Gorman-Park,40.85567534,-73.93239788
Greeley-Square-Park,40.74861324,-73.9883495
Hamilton-Fish-Park,40.71981192,-73.98084412
Hancock-Park,40.80957864,-73.95329743
Colonel-Charles-Young-Triangle,40.8272144,-73.93583847
Herald-Square,40.75033309,-73.98763467
Highbridge-Park,40.84439061,-73.93160645
James-J-Walker-Park,40.72977731,-74.00611026
Harlem-River-Park,40.8062548,-73.93390283
Johnny-Hartman-Square,40.82411005,-73.94861667
Alexander-Hamilton-Playground,40.82307991,-73.95124106
Inwood-Hill-Park,40.87295533,-73.9253609
Isham-Park,40.86941652,-73.91871482
Jackson-Square,40.7389712,-74.00287421
Vietnam-Veterans-Plaza,40.70252842,-74.00984482
Thomas-Jefferson-Park,40.79307081,-73.93528922
Joan-Of-Arc-Park,40.79435267,-73.97638539
Madison-Square-Park,40.74220407,-73.98787209
Theodore-Roosevelt-Park,40.78134864,-73.97406014
Mitchel-Square,40.84004869,-73.940038
Montefiore-Square,40.82160457,-73.95358665
Morningside-Park,40.80690816,-73.95804852
Marcus-Garvey-Park,40.80450636,-73.9436634
Park-Avenue-Malls,40.74742763,-73.98108949
Plaza-Lafayette,40.85154529,-73.94159654
Lillian-D-Wald-Playground,40.71198954,-73.98426757
Luther-Gulick-Park,40.71589777,-73.98189237
Dr-Gertrude-B-Kelly-Playground,40.74165591,-74.00200283
Sophie-Irene-Loeb,40.7132484,-73.99427001
Vesuvio-Playground,40.72530713,-74.00258842
Queensboro-Oval,40.75923266,-73.96007378
Riverside-Park,40.79668793,-73.97603758
Roger-Morris-Park,40.83450812,-73.93850296
St-Vartan-Park,40.74512959,-73.97369762
St-Nicholas-Park,40.81691316,-73.94898431
St-Catherines-Park,40.76520776,-73.95872275
Schiff-Mall,40.71816674,-73.98700348
Carl-Schurz-Park,40.77491552,-73.94377731
Seward-Park,40.71476704,-73.98918403
Sherman-Square,40.77735904,-73.98235791
Straus-Park,40.80182468,-73.96824816
Stuyvesant-Square,40.73382218,-73.98442266
Sakura-Park,40.8130377,-73.96210094
Tompkins-Square-Park,40.72643827,-73.9816918
Union-Square-Park,40.73598137,-73.99042261
Lafayette-Square,40.80361613,-73.95806333
Bennett-Rest,40.85495631,-73.93973207
Haven-Avenue,40.84843964,-73.94296319
Father-Duffy-Square,40.75907715,-73.98499206
Broadway-Malls,40.78864918,-73.97621188
Adam-Clayton-Powell-Jr-Malls,40.80546639,-73.95088911
Verdi-Square,40.77917172,-73.98150452
Washington-Square-Park,40.73088189,-73.99759193
J-Hood-Wright-Park,40.84648035,-73.94126363
Worth-Square,40.74271431,-73.98895434
Tony-Dapolito-Recreation-Center,40.72960406,-74.00541853
Sara-D-Roosevelt-Park,40.72171154,-73.99156575
Wards-Island-Park,40.78648151,-73.9295807
Louis-Cuvillier-Park,40.80086352,-73.93087975
Triboro-Plaza,40.80238303,-73.93218604
Playground-103-CIII,40.78708431,-73.93906586
Peter-Detmold-Park,40.75312444,-73.96402944
Sutton-Parks,40.75521334,-73.96215178
Twenty-Four-Sycamores-Park,40.75946833,-73.9586911
Andrew-Haswell-Green-Park,40.75964968,-73.95762026
Sutton-Place-Park,40.75672657,-73.96018543
East-River-Walk,40.76559552,-73.95143832
William-McCray-Playground,40.81555096,-73.93775117
James-Weldon-Johnson-Playground,40.79717358,-73.94181086
Joseph-C-Sauer-Park,40.72816072,-73.9797357
ABC-Playground,40.72179488,-73.98603418
William-F-Passannante-Ballfield,40.72857865,-74.00223381
Playground-of-the-Americas,40.7280073,-74.00274386
Captain-Jacob-Joseph-Playground,40.71359034,-73.98985676
Peretz-Square,40.72280047,-73.9875496
First-Park,40.72349427,-73.98977571
Minetta-Green,40.73032364,-74.00161101
Minetta-Playground,40.73067796,-74.00130771
West-4th-Street-Courts,40.73117689,-74.00093631
Minetta-Triangle,40.72989562,-74.00185726
Charlton-Plaza,40.7273391,-74.00351389
Bushman-Steps,40.83214169,-73.94029854
Recreation-Center-54,40.75648619,-73.96513384
Hansborough-Recreation-Center,40.81283478,-73.93933328
Little-Flower-Playground,40.7124222,-73.98818924
Bill-Bojangles-Robinson-Playground,40.82528525,-73.93729142
Harlem-Lane-Playground,40.82642635,-73.93492812
White-Playground,40.79163448,-73.9458896
Courtney-Callender-Playground,40.81003682,-73.94013739
McKenna-Square,40.8383036,-73.93908822
Robert-Moses-Playground,40.74840022,-73.96929553
Frederick-Johnson-Playground,40.8248034,-73.93553233
Fred-Samuel-Playground,40.8171601,-73.93924232
McCaffrey-Playground,40.7589944,-73.99128307
Baruch-Playground,40.71731544,-73.9768306
Harlem-Art-Park,40.80104058,-73.93881004
Peck-Slip,40.70757275,-74.00136728
Samuel-Marx-Triangle,40.80255151,-73.95276334
Petrosino-Square,40.72168478,-73.99743971
Cherry-Clinton-Playground,40.71130711,-73.98630392
McCarthy-Square,40.73521508,-74.00172523
Honey-Locust-Park,40.76011092,-73.96271063
Catherine-Slip-Malls,40.70949985,-73.99614118
Lt-Wm-Tighe-Triangle,40.86562588,-73.92831453
Vladeck-Park,40.71246643,-73.9820763
Peter-Minuit-Playground,40.79475375,-73.94723408
Samuel-N-Bennerson-2nd-Playground,40.77380178,-73.98693683
Col-Young-Playground,40.81932777,-73.93565951
Marx-Brothers-Playground,40.78431394,-73.94612203
Abe-Lebewohl-Park,40.73005223,-73.98707148
Abe-Lebewohl-Triangle,40.73007996,-73.98778124
Roosevelt-Triangle,40.8113407,-73.95442547
Father-Demo-Square,40.73020486,-74.00212304
Stanley-Isaacs-Playground,40.7834523,-73.94407681
Abraham-Lincoln-Playground,40.81223869,-73.9372499
Alfred-E-Smith-Playground,40.71066244,-73.99745628
Sidney-Hillman-Playground,40.71521259,-73.97963211
Playground-One,40.71224462,-73.99740779
Monsignor-Kett-Playground,40.86244405,-73.92101024
Booker-T-Washington-Playground,40.80092046,-73.96377353
Anibal-Aviles-Playground,40.80118366,-73.96283608
Wald-Playground,40.71972052,-73.9768907
Trygve-Lie-Plaza,40.74855551,-73.97037667
Ralph-Bunche-Park,40.74932424,-73.96975168
Dag-Hammarskjold-Plaza,40.75228489,-73.9689083
Mary-OConnor-Playground,40.74955691,-73.97078586
Tudor-Grove-Playground,40.7490543,-73.97115587
Moore-Playground,40.8093837,-73.93851013
Playground-One-Twenty-Five-CXXV,40.8104918,-73.9556413
Tanahey-Playground,40.71016212,-73.99518157
Father-Fagan-Park,40.72674921,-74.0033653
Alice-Kornegay-Triangle,40.80641752,-73.93534301
Each-One-Teach-One,40.8069298,-73.93526397
Crack-Is-Wack-Playground,40.80435431,-73.93169252
Mill-Rock-Park,40.78021653,-73.93879805
St-Nicholas-Playground-South,40.81111361,-73.94723114
St-Nicholas-Playground-North,40.81222757,-73.9466339
Mae-Grant-Playground,40.79246878,-73.94944881
Blake-Hobbs-Playground,40.78911169,-73.9439921
Cherry-Tree-Park,40.78723058,-73.94724386
Holcombe-Rucker-Park,40.82919126,-73.93609581
Howard-Bennett-Playground,40.8136479,-73.93866291
DeSalvio-Playground,40.72163821,-73.99610959
Tecumseh-Playground,40.78181199,-73.97851692
Frederick-Douglass-Playground,40.79707549,-73.96753221
Gutenberg-Playground,40.76347665,-73.99015976
Grand-Canal-Court,40.72231265,-74.00501522
Jacob-H-Schiff-Playground,40.82050359,-73.95201666
Straus-Square,40.71421095,-73.98990597
Wagner-Playground,40.79972362,-73.93489
Augustus-St-Gaudens-Playground,40.73560179,-73.98220643
Peters-Field,40.73609705,-73.98156169
Henry-M-Jackson-Playground,40.71398652,-73.98149852
Happy-Warrior-Playground,40.79542243,-73.96853287
Poor-Richards-Playground,40.79250292,-73.94264249
Damrosch-Park,40.77222889,-73.98501534
Lincoln-Center-Plaza,40.77289838,-73.98374643
Wright-Brothers-Playground,40.83168266,-73.94176756
Samuel-Seabury-Playground,40.785359,-73.95082532
Corporal-John-A-Seravalli-Playground,40.73907289,-74.00481021
Bloomingdale-Playground,40.79925223,-73.96597183
Audubon-Playground,40.84154803,-73.93813923
Nathan-Straus-Playground,40.7192021,-73.98398025
Collect-Pond-Park,40.71632334,-74.00183206
Eugene-McCabe-Field,40.80239026,-73.9416219
Sol-Bloom-Playground,40.78966145,-73.96884184
Renaissance-Playground,40.82133485,-73.94141409
Kimlau-Square,40.71341096,-73.99803532
St-James-Triangle,40.71269688,-73.99854254
Penn-South-Playground,40.74762498,-73.99869909
Bleecker-Playground,40.73641989,-74.00548291
Gustave-Hartman-Square,40.72064081,-73.98042725
James-Madison-Plaza,40.7114556,-74.00037009
Clement-Clarke-Moore-Park,40.74662882,-74.00430467
East-River-Playground,40.78935095,-73.93821877
McKinley-Playground,40.72424822,-73.98578748
Chelsea-Recreation-Center,40.74829588,-74.00222057
Bellevue-South-Park,40.74003657,-73.97803445
Playground-Eighty-Nine-LXXXIX,40.78866471,-73.97188985
Vincent-F-Albano-Jr-Playground,40.74202417,-73.97848564
Harlem-RBI,40.78664413,-73.94387553
Wagner-Houses-Pool,40.80170035,-73.93259449
The-Public-Theater,40.7285437,-73.99217831
Hells-Kitchen-Park,40.76297109,-73.99258101
Duarte-Square,40.72240441,-74.00549368
Tramway-Plaza,40.76101724,-73.96437803
Septuagesimo-UNO,40.77860776,-73.98435364
Convent-Garden,40.82834517,-73.94269634
Dr-Ronald-E-McNair-Playground,40.80255086,-73.93812615
Asphalt-Green,40.7784343,-73.94405718
Sheridan-Square-Viewing-Garden,40.73299683,-74.0021321
Ramon-Aponte-Park,40.76145118,-73.98934942
Pier-107-CVII,40.78906161,-73.93663691
Sunshine-Playground,40.78851756,-73.94788549
Ruppert-Park,40.78096207,-73.95015128
Mercer-Playground,40.72764268,-73.99629579
St-Gregorys-Playground,40.78951809,-73.97200753
Dream-Street-Park,40.80274542,-73.93503516
Abyssinian-Tot-Lot,40.81719201,-73.94084769
West-186th-Street-Basketball-Court,40.85188314,-73.93092812
Washington-Market-Park,40.71711343,-74.01159702
Merchants-House-Museum,40.72774506,-73.99227403
Lower-East-Side-Playground,40.72898784,-73.98350075
Riverside-Park-South,40.7782714,-73.99017259
Robert-L-Clinkscales-Playground-and-Community-Garden,40.82269998,-73.94005721
The-High-Line,40.74741056,-74.00509982
Tribeca-Dog-Run,40.71614943,-74.01196325
Pier-42,40.71039984,-73.98262894
West-Harlem-Piers,40.8179425,-73.96250389
Pearl-St-Playground,40.70781007,-74.00396724
Canal-Park,40.72529391,-74.01042946
Imagination-Playground,40.70585701,-74.00456598
East-River-Waterfront-Esplanade,40.70142981,-74.01120579
East-River-Waterfront-Esplanade-Zone-1,40.70142981,-74.01120579
East-River-Waterfront-Esplanade-Zone-2,40.70142981,-74.01120579
Fiorello-La-Guardia-Park,40.72801666,-73.99880933
Mannahatta-Park,40.70432356,-74.00725473
Coenties-Slip,40.70330786,-74.01069874
Spring-Street-Park,40.72515326,-74.00442768
Little-Red-Square,40.72934802,-74.00211678
Minerva-Bernardino-Greenstreet,40.80281112,-73.96407932
Dekovats-Triangle,40.7798179,-73.94408973
Alley-Pond-Park,40.74407126,-73.74422607
Alley-Athletic-Playground,40.73978482,-73.73631692
Grover-Cleveland-Playground,40.71083732,-73.91119339
Ashmead-Park,40.70291214,-73.79027567
Astoria-Park,40.77873714,-73.9230952
Ralph-Demarco-Park,40.783951,-73.91764155
Baisley-Pond-Park,40.67789315,-73.78571057
Bowne-Park,40.77051604,-73.80732223
Bayswater-Park,40.59782191,-73.76868931
Brookville-Park,40.66152152,-73.74415444
Clearview-Park-Golf-Course,40.78215463,-73.78857111
Little-Bay-Park,40.79047245,-73.78813693
Poppenhusen-Playground,40.78126595,-73.84459293
Crocheron-Park,40.77036626,-73.76735157
John-Golden-Park,40.77405054,-73.76802058
Veterans-Grove,40.74271042,-73.87753534
Astoria-Heights-Playground,40.76035844,-73.91177381
Forest-Park,40.69930971,-73.86170548
The-Olde-Towne-of-Flushing-Burial-Ground,40.75453371,-73.80241359
Gordon-Triangle,40.74877715,-73.9519511
Garlinge-Triangle,40.72833227,-73.89093426
Cunningham-Park,40.72812162,-73.77266091
McLaughlin-Playground,40.72554864,-73.76626782
Seven-Gables-Playground,40.74419491,-73.76641318
Rufus-King-Park,40.70370238,-73.80397955
Kissena-Park,40.74580096,-73.80850815
Major-Mark-Park,40.71167475,-73.78853395
Park-Of-The-Americas,40.74856436,-73.86192138
Laurelton-Parkway,40.68118193,-73.72837954
Beach-Channel-Park,40.58171088,-73.84185224
Tribute-Park,40.58205406,-73.83888373
William-F-Moore-Park,40.74368161,-73.85551193
Midland-Malls,40.71698555,-73.78455932
Lawrence-Virgilio-Playground,40.74751773,-73.91073493
McKenna-Triangle,40.74658992,-73.94409455
Mall-Eighteen,40.78322855,-73.84177301
Sabba-Park,40.74284851,-73.91584015
Mall-Thirty-Four-XXXIV,40.75714294,-73.85544688
Rafferty-Triangle,40.74749937,-73.94334365
Neponsit-Mall,40.57151133,-73.85883868
Benninger-Playground,40.70707124,-73.89827977
Elmjack-Mall,40.74430923,-73.88999133
Newtown-Playground,40.73634244,-73.86952669
Poppenhusen-Park,40.78785632,-73.84585057
Proctor-Hopson-Circle,40.6978801,-73.7862943
Andrews-Grove,40.74337696,-73.95482779
Josephine-Caminiti-Playground,40.74389561,-73.86155514
Queens-Village-Veterans-Plaza,40.71804043,-73.73588251
Rainey-Park,40.81876414,-73.8976568
Rockaway-Beach,40.58975824,-73.76927826
St-Albans-Park,40.69311998,-73.7787939
Captain-Tilly-Park,40.71207324,-73.79888787
Veterans-Square,40.66544447,-73.73521132
Clemens-Triangle,40.70005919,-73.90588664
Sohncke-Square,40.7455048,-73.90626912
Dunningham-Triangle,40.74635446,-73.88357067
Catharine-Turner-Richardson-Park,40.76830899,-73.74724793
Nine-Heroes-Plaza,40.74553783,-73.88908663
Steinmann-Triangle,40.74517456,-73.90914995
Fleetwood-Triangle,40.72269045,-73.86719018
Luke-J-Lang-Square,40.71856365,-73.90240765
John-Vincent-Daniels-Jr-Square,40.74413549,-73.91331154
Triborough-Bridge-Playground-B,40.77471237,-73.92311774
Triborough-Bridge-Playground-C,40.77398876,-73.92224223
Triborough-Bridge-Playground-D,40.77349583,-73.92156861
Triborough-Bridge-Playground-E,40.77299864,-73.92086348
Hoyt-Playground,40.77156816,-73.9172243
Chappetto-Square,40.77495982,-73.92238597
Pigeon-Paradise,40.74864594,-73.8965504
General-Hart-Playground,40.74877829,-73.89733301
Middleburgh-Triangle,40.74131233,-73.8750799
Trolley-Car-Triangle,40.76228417,-73.87242713
Short-Triangle,40.74608979,-73.94536497
Plaut-Triangle,40.75836294,-73.79719062
Glendale-Veterans-Triangle,40.7018537,-73.88082578
Legion-Triangle,40.68640464,-73.86663705
Wellbrock-Triangle,40.67888137,-73.83362044
Veterans-Plaza,40.75875874,-73.87492426
Wayanda-Park,40.71075736,-73.73899827
Jackie-Robinson-Parkway,40.70252554,-73.85922025
Grand-Central-Parkway,40.71662625,-73.80080711
Grand-Central-Parkway-Extension,40.7227002,-73.83625385
Tepper-Triangle,40.71872292,-73.79156066
Gorman-Playground,40.76238445,-73.88423625
Flushing-Fields,40.77538354,-73.81668941
Harvey-Park,40.78376191,-73.82346942
Federalist-Triangle,40.72679137,-73.90056613
Police-Officer-Edward-Byrne-Park,40.66733661,-73.80736103
Tudor-Park,40.67324198,-73.85470542
Gemini-Fields,40.67039761,-73.8523179
Vito-Locascio-Field,40.67000892,-73.8440833
Belt-Parkway,40.66625502,-73.79089961
Locust-Grove-Civic-Triangle,40.66560502,-73.82457105
Southern-Fields,40.66517252,-73.82835881
Lefferts-Playground,40.6653354,-73.8202575
Frank-D-OConnor-Playground,40.74417492,-73.88663083
Flushing-Meadows-Corona-Park,40.72775841,-73.83570349
Flushing-Greens,40.76314859,-73.83110801
Daniel-Carter-Beard-Mall,40.76368645,-73.82908899
Middle-Village-Playground,40.71009983,-73.87360751
Juniper-Valley-Park,40.72033734,-73.88036388
Kennedy-Playground,40.77167046,-73.77938556
Howard-Von-Dohlen-Playground,40.69944672,-73.81298124
Daniel-M-OConnell-Playground,40.69987525,-73.75810061
Springfield-Park,40.66183747,-73.76158345
Laurelton-Playground,40.67017089,-73.73655424
One-Room-Schoolhouse-Park,40.7633824,-73.87941736
Police-Officer-Nicholas-Demutiis-Park,40.68180417,-73.83929209
Frederick-B-Judge-Playground,40.68346628,-73.80820353
Harvard-Playground,40.70912027,-73.78158333
Junction-Playground,40.7547011,-73.87218233
Astoria-Health-Playground,40.76792723,-73.93263895
Myrtle-Avenue-Clemens-Triangle,40.70019987,-73.90657992
Francis-Lewis-Park,40.79654391,-73.82494355
Marconi-Park,40.69367637,-73.7954314
London-Planetree-Playground,40.68614258,-73.85324091
Phil-Scooter-Rizzuto-Park,40.69478741,-73.82158719
Motor-Parkway,40.73594941,-73.75942475
Frank-Principe-Park,40.72752136,-73.90487643
Pat-Williams-Playground,40.71003213,-73.72848218
Hempstead-Ballfield,40.71027381,-73.72933733
Hempstead-Bench-Spread,40.70996154,-73.7298999
Breininger-Park,40.72577024,-73.7289613
Cross-Island-Parkway,40.77306874,-73.76456152
McKee-Triangle,40.78723561,-73.81582776
Playground-115,40.78522853,-73.85258023
Columbus-Square,40.77011065,-73.91760338
Drumm-Triangle,40.69930528,-73.88824034
Barclay-Triangle,40.76137261,-73.86700918
Murray-Playground,40.74723038,-73.94882917
Jacob-Riis-Triangle,40.70197534,-73.83493986
Ruoff-Triangle,40.68252915,-73.85266342
Catholic-War-Veterans-Square,40.67587556,-73.81634234
Grand-Slope,40.73450385,-73.88288596
Metro-Triangle,40.7044267,-73.82617035
Father-Reilly-Square,40.72272073,-73.73614604
OSullivan-Plaza,40.76374988,-73.88090307
Rockaway-Beach-and-Boardwalk,40.58975824,-73.76927826
Beach-59th-St-Playground,40.58975824,-73.76927826
Beach-30th-Street-Playground,40.58975824,-73.76927826
Beach-17-Playground,40.58975824,-73.76927826
Beach-9-Playground,40.58975824,-73.76927826
Rockaway-Beach-Boardwalk,40.58975824,-73.76927826
Spring-Creek-Park-Addition,40.65821487,-73.85844694
Alexander-Grey-Triangle,40.79515807,-73.81372652
Corona-Plaza,40.74978813,-73.86225182
American-Triangle,40.74840364,-73.86336445
St-Michaels-Playground,40.758832,-73.89998999
Tudor-Malls,40.67382383,-73.85366121
Mall-Forty-Two-XLII,40.76212406,-73.77402102
Jackson-Mill-Green,40.76646414,-73.87580272
Corporal-Ruoff-Square,40.68048521,-73.84418386
David-J-OConnell-Square,40.67655689,-73.82065426
Eight-Oaks-Triangle,40.70724713,-73.82716897
MacDonald-Park,40.72214367,-73.84656666
Litchhult-Square,40.71595971,-73.74489524
Lawrence-Triangle,40.75589775,-73.81575056
Maple-Playground,40.75589713,-73.82604859
Queens-Valley-Playground,40.72187585,-73.82372135
Studley-Triangle,40.76239979,-73.80386105
Leonard-Square,40.76411246,-73.80975584
Whitey-Ford-Field,40.77758498,-73.93488411
Lt-Frank-McConnell-Park,40.69396551,-73.82738606
Dutch-Kills-Playground,40.75730824,-73.93322439
Rockaway-Freeway,40.59040422,-73.80073151
Norelli-Hargreaves-Playground,40.69016086,-73.80883879
Dr-Charles-R-Drew-Park,40.68072134,-73.80303363
Foch-Sitting-Area,40.67764689,-73.80236499
Playground-One-Forty,40.67510776,-73.80130846
Maple-Grove-Park,40.71193449,-73.82401489
Farm-Playground,40.73580545,-73.77736213
Glenwood-Landing,40.77512677,-73.73997541
Fresh-Meadows-Park,40.74072752,-73.78550875
Calvary-Monument,40.73086841,-73.92975318
Broad-Channel-Veterans-Park,40.61158096,-73.81906791
Hallets-Cove-Playground,40.77205206,-73.93545387
Sergeant-Colyer-Square,40.67490693,-73.80572194
Dwyer-Square,40.75388375,-73.91507475
Norelli-Hargreaves-Memorial-Triangle,40.69571644,-73.80531949
Hollis-Veterans-Square,40.71029075,-73.77132985
Travis-Triangle,40.76691205,-73.81311794
Corporal-Frank-F-Fagan-Sq,40.75603082,-73.91240891
Lt-Clinton-L-Whiting-Square,40.68723491,-73.85822934
Veterans-Circle,40.57840604,-73.84094165
Alameda-Malls,40.76431955,-73.74484572
Westbourne-Playground,40.60792871,-73.76440739
Court-Square-Park,40.74635141,-73.94335726
Bell-Malls,40.75459891,-73.76670052
Patricia-A-Brackley-Park,40.58139901,-73.8456583
South-Gate-Mall,40.6733847,-73.75852095
Nakks-Malls,40.70818998,-73.74283205
225-Street-Malls,40.67354961,-73.74734189
Sixteen-Oaks-Grove,40.75853143,-73.93835707
Al-Stabile-Playground,40.67729513,-73.835461
Pinocchio-Playground,40.70552622,-73.87523926
Uncle-Vito-F-Maranzano-Glendale-Playground,40.70490513,-73.88175232
Starr-Playground,40.70981142,-73.91779758
Saul-Weprin-Playground,40.74804141,-73.77641211
Utopia-Playground,40.7307146,-73.7924142
Playground-Thirty-Five-XXXV,40.75484606,-73.92203724
Paul-Raimonda-Playground,40.77281023,-73.89743705
Overlook-Park,40.77070812,-73.87238637
Kissena-Corridor-Park,40.74702909,-73.8198458
Holy-Cow-Playground,40.74081532,-73.77878105
Jamaica-Playground,40.69323306,-73.79097412
Evergreen-Park,40.69753615,-73.89699992
Travers-Park,40.75395392,-73.88934309
Ehrenreich-Austin-Playground,40.71551793,-73.83683403
Mafera-Park,40.70682733,-73.89130638
The-Painters-Playground,40.72052427,-73.86007032
Delphin-H-Greene-Playground,40.68493068,-73.72906305
Bowne-Playground,40.75819403,-73.82482879
Jamaica-Bay-Park,40.61994138,-73.77010417
Glen-Oaks-Oval,40.74952533,-73.71561276
Arverne-Playground,40.59285679,-73.78518621
Fresh-Meadows-Playground,40.73413594,-73.79620794
Captain-Dermody-Triangle,40.75580111,-73.76456394
Tall-Oak-Playground,40.7461578,-73.75819607
Playground-Eighty-LXXX,40.74473267,-73.70956297
Annadale-Playground,40.73112915,-73.85181858
Vleigh-Playground,40.72982773,-73.8165127
Van-Alst-Playground,40.77063125,-73.9281637
Bellaire-Playground,40.72160477,-73.75801013
Gladys-Warren-Triangle,40.7072908,-73.76424419
Bland-Playground,40.75827113,-73.83113246
Castlewood-Playground,40.74930159,-73.72238364
Bellerose-Playground,40.73279906,-73.71795205
Pomonok-Playground,40.73611769,-73.81386227
Locust-Manor-Playground,40.68609847,-73.75637785
Woodtree-Playground,40.77750804,-73.90237845
Ravenswood-Playground,40.76292378,-73.93524357
Playground-Twenty-One,40.77828131,-73.7984922
Russell-Sage-Playground,40.7239082,-73.85152872
Judge-Moses-Weinstein-Playground,40.71826962,-73.82058884
Maurice-A-FitzGerald-Playground,40.69031126,-73.83976606
Cambria-Playground,40.68932479,-73.74293655
Torsney-Playground,40.74727934,-73.92177904
Latham-Park,40.74188775,-73.89795091
Sherry-Dog-Run,40.74137443,-73.89876121
Spargo-Park,40.74131493,-73.89728448
Crosson-Green,40.74230446,-73.89668881
Electric-Playground,40.73592884,-73.80534768
Whitestone-Playground,40.79201544,-73.80851694
Emerald-Playground,40.73105776,-73.80594272
Redfern-Playground,40.61127714,-73.74945443
Challenge-Playground,40.75656588,-73.72802133
Colden-Playground,40.7702432,-73.82721862
Willow-Lake-Playground,40.72260571,-73.83712789
Telephone-Playground,40.7384847,-73.75659348
Peters-Field,40.73609705,-73.98156169
Hillside-Playground,40.74084611,-73.71312421
Grassmere-Playground,40.59927764,-73.75894554
Playground-Seventy-Five,40.72642498,-73.80817349
Strippoli-Square,40.75720605,-73.90758266
Alley-Park,40.74717452,-73.74513608
Real-Good-Playground,40.73555654,-73.8573449
Barrier-Playground,40.73623018,-73.85497775
Turtle-Playground,40.74213374,-73.82735537
Nassau-Mall,40.76475695,-73.72483671
Nassau-Mall-South,40.7632029,-73.72601644
Haggerty-Park,40.71295155,-73.75766463
Hull-Triangle,40.72542243,-73.90146046
Technical-Sergeant-Thomas-J-Davey-Triangle,40.72636958,-73.90062757
Whitefish-Triangle,40.72516591,-73.89879172
Peter-Chahales-Park,40.72485995,-73.89430187
Crowley-Playground,40.72929024,-73.88029236
Frontera-Park,40.72466405,-73.89530819
Hoffman-Park,40.73285958,-73.87201871
Sitting-Area-127-CXXVII,40.7250469,-73.89205258
Quick-Brown-Fox-Triangle,40.72752197,-73.88875036
Bridge-and-Tunnel-Park,40.74194145,-73.95151588
Moore-Homestead-Playground,40.74208959,-73.88216091
Playground-Ninety,40.7573229,-73.87858479
Northern-Playground,40.75607485,-73.87456151
Marie-Curie-Playground,40.75698984,-73.77173692
Hammel-Playground,40.58820808,-73.80931362
Louis-Pasteur-Park,40.76201525,-73.73542164
Freedom-Square-Playground,40.72317491,-73.82025436
Rockaway-Community-Park,40.59821939,-73.78126116
East-Elmhurst-Playground,40.76548062,-73.87092857
Willets-Point-Playground,40.78382548,-73.79634994
Cedar-Grove-Playground,40.73704711,-73.82372977
Playground-Sixty-Two-LXII,40.73607523,-73.85290234
Ampere-Playground,40.68152286,-73.85695705
Briarwood-Playground,40.71028913,-73.81107772
Francis-Lewis-Playground,40.76052644,-73.78407143
Cardozo-Playground,40.59322469,-73.78657477
Middle-Village-Veterans-Triangle,40.71446764,-73.87727832
Centreville-Playground,40.67028332,-73.83904082
Bayside-Fields,40.77216747,-73.78537844
Clearviews-Tail,40.7247168,-73.75541737
Baybridge-Green,40.78610284,-73.78728905
Linnaeus-Park,40.75383387,-73.75068905
Bayside-Playground,40.58481516,-73.82515423
Clintonville-Playground,40.78306028,-73.80733876
Joseph-Austin-Playground,40.71588577,-73.80071306
Idlewild-Park,40.65254524,-73.75490071
LaGuardia-Landing-Lights,40.76208837,-73.88992435
Conch-Playground,40.59601907,-73.78078222
Steinway-Playground,40.77641062,-73.90345082
Montbellier-Park,40.6746818,-73.75652668
Auburndale-Playground,40.76578611,-73.79428589
Rosemarys-Playground,40.70472963,-73.90394986
Bay-Terrace-Playground,40.78231777,-73.77760698
Oakland-Gardens,40.75360389,-73.75982151
Lost-Battalion-Hall-Recreation-Center,40.73220898,-73.86517971
Latimer-Playground,40.69641613,-73.78623221
Beach-Channel-Playground,40.58895345,-73.80583562
East-Springfield-Playground,40.6985974,-73.73997336
Hollis-Playground,40.70650851,-73.75311451
Springfield-Park-North,40.66408113,-73.75976059
Lanett-Playground,40.59951111,-73.74409349
Harold-Schneiderman-Playground,40.66521759,-73.8504859
Hinton-Park,40.75613351,-73.85499359
Douglaston-Park-Golf-Course,40.75186671,-73.7326526
Railroad-Park,40.8250604,-73.91547985
Rochdale-Park,40.6747034,-73.77448182
Rocket-Playground,40.67068469,-73.84624744
Louis-Armstrong-Playground,40.75541669,-73.85572779
Hart-Playground,40.74877829,-73.89733301
Walter-Ward-Playground,40.65773446,-73.84388113
Seaside-Playground,40.58061626,-73.83091189
Reiff-Playground,40.71862364,-73.90173204
Judge-Angelo-Graci-Triangle,40.67447619,-73.85875655
Yellowstone-Park,40.72625097,-73.84761847
North-Rochdale-Playground,40.67997742,-73.77494806
South-Rochdale-Playground,40.67379817,-73.76912125
Horace-Harding-Playground,40.73322241,-73.86053216
Spirit-Playground,40.76129943,-73.9414393
Sunrise-Playground,40.65266173,-73.73637907
Long-Island-Mews,40.73611571,-73.89009294
Vernon-Mall,40.74230306,-73.95414629
Athens-Square,40.76765602,-73.92246652
Murray-Hill-Playground,40.76165879,-73.81183171
Private-William-Gray-Playground,40.75788097,-73.87081212
Fisher-Pool,40.75853582,-73.86941137
Almeda-Playground,40.59341318,-73.79469266
Seans-Place,40.76048067,-73.91833901
Frank-Golden-Park,40.78468298,-73.83348169
Sorrentino-Recreation-Center,40.60243532,-73.75138042
Brinkerhoff-Mall,40.69572643,-73.78216413
Roy-Wilkins-Recreation-Center,40.68747011,-73.77184243
Corona-Golf-Playground,40.74758268,-73.85460581
Underbridge-Dog-Run,40.73386933,-73.84520086
Udalls-Park-Preserve,40.77266714,-73.74478195
Queens-Farm-Park,40.74730093,-73.72235532
Hook-Creek-Park,40.64626306,-73.74167952
Gene-Gray-Playground,40.60624268,-73.81918507
College-Point-Park,40.78564216,-73.84648804
Fort-Totten-Park,40.79238807,-73.77698992
Dubos-Point-Wildlife-Sanctuary,40.59967332,-73.7924583
Broad-Channel-Park,40.60097354,-73.81980913
Powells-Cove-Park,40.78931963,-73.8345288
Manuel-De-Dios-Unanue-Triangle,40.74758232,-73.88278071
Cornell-Burial-Ground,40.60009365,-73.74962481
Brant-Point-Wildlife-Sanctuary,40.59853885,-73.80245439
Socrates-Sculpture-Park,40.76870481,-73.93694445
Broad-Channel-American-Park,40.59600016,-73.82303153
Louis-Armstrong-Community-Center,40.75727961,-73.86135985
Seagirt-Ave-Wetlands,40.59678022,-73.74021998
Hunters-Point-South-Park,40.73811303,-73.96272172
Vernam-Barbadoes-Peninsula,40.59391682,-73.80563216
Simeone-Park,40.74097568,-73.85990081
College-Point-Fields,40.77645085,-73.83690815
Broad-Channel-Wetlands,40.61146789,-73.82192456
Remsen-Family-Cemetery,40.71245565,-73.85853963
Southside-Burial-Ground,40.67069641,-73.84413726
Prospect-Cemetery,40.70143005,-73.79972897
Corona-Health-Sanctuary,40.74379941,-73.85834091
Carlos-R-Lillo-Park,40.77061254,-73.89355722
Elmhurst-Park,40.7300262,-73.88508138
Flight-587-Memorial-Park,40.57793885,-73.83616021
Park-at-Beach-108-Street,40.58317694,-73.83470697
Lewis-H-Latimer-House,40.76612887,-73.82963135
Sunset-Cove-Park,40.59722442,-73.8240031
Sergeant-Collins-Triangle,40.75162218,-73.90324726
Lt-Michael-R-Davidson-Playground,40.74850461,-73.91371148
Copernicus-Triangle,40.72591723,-73.90599289
Old-Hickory-Playground,40.74160385,-73.95411478
Gwirtzman-Triangle,40.57532285,-73.86320647
Triangle-54-Greenstreet,40.73082262,-73.91896856
Answer-Triangle,40.74861047,-73.87362024
Greenstreet-OConners-Tail,40.74486552,-73.88726586
Lost-Community-Triangle,40.74976972,-73.70645407
Joseph-Caminetti-Greenstreet,40.74206131,-73.85342448
Invictus-Triangle,40.71592452,-73.78832459
Kingsford-Triangle,40.71220026,-73.78869657
Mgsr-Arcese-Tri,40.68145612,-73.84833992
Haym-Sol-Square,40.72587732,-73.82111927
Hillcrest-Veterans-Square,40.72129643,-73.80545403
Greenstreet-ABE-WOLFSON,40.72815076,-73.81500396
Dickson-Triangle,40.68341804,-73.85604822
Erewhon-Mall,40.75182657,-73.79199553
Cooper-Veterans-Memorial,40.70939076,-73.86997974
Atlantis-Triangle,40.74120659,-73.79207302
Musical-Triangle,40.7351029,-73.89625055
Veterans-Triangle,40.65690146,-73.90387258
Tustin-Tri,40.76899723,-73.79220379
Chaplain-Rock-Triangle,40.76474859,-73.76162829
Montauk-Memorial-Triangle,40.68297895,-73.76002194
Benigno-Aquino-Triangle,40.7138171,-73.77691808
Liberty-Triangle,40.70315597,-73.76683703
Chris-Postiglione-Triangle,40.73811433,-73.79534868
Mitchell-Wallace-Triangle,40.75260126,-73.75927427
Nathaniel-Hawthorne-Triangle,40.74351818,-73.76578441
Frank-P-Locicero,40.73394187,-73.7233974
Nathaniel-Schneider-Triangle,40.71277282,-73.85932917
Pleasant-Plains-Plaza,40.52394257,-74.21606665
Barrett-Park,40.62532172,-74.11564869
Barrett-Triangle,40.64179017,-74.07581554
Clove-Lakes-Park,40.61741815,-74.11170624
Conference-House-Park,40.4983548,-74.2392378
Faber-Pool-and-Park,40.64095062,-74.13578232
Amundsen-Circle,40.56462118,-74.13105986
Staats-Circle,40.59923566,-74.07243813
Hero-Park,40.6304983,-74.08811806
White-Park,40.60757217,-74.06312891
LaTourette-Park-and-Golf-Course,40.57690454,-74.15019238
Walker-Park,40.64326255,-74.10944175
Great-Kills-Park,40.55608647,-74.10385987
Freshkills-Park,40.56786754,-74.17688239
Greenbelt-Native-Plant-Center,40.59619534,-74.18133067
Veterans-Park,40.61158096,-73.81906791
Egbert-Triangle,40.62510682,-74.14453379
Forest-Mall,40.63099621,-74.09156118
Silver-Lake-Park,40.62260192,-74.1014636
Tompkinsville-Park,40.63739835,-74.07641592
Mahoney-Playground,40.64343626,-74.08576171
Dugan-Playground,40.5614211,-74.11081487
Long-Pond-Park,40.51129329,-74.22575367
Aesop-Park,40.50951017,-74.22989818
Tappen-Park,40.62681777,-74.07687607
Westerleigh-Park,40.61983857,-74.13448435
Willowbrook-Park,40.59690023,-74.15417638
Wolfes-Pond-Park,40.51806531,-74.18822063
Maple-Woods,40.61115179,-74.08817673
Levy-Playground,40.63400446,-74.12893427
Austin-J-McDonald-Playground,40.62963448,-74.1153178
De-Matti-Park,40.61447705,-74.07425043
Mariners-Harbor-Playground,40.63649295,-74.16047027
Liotti-Ikefugi-Playground,40.63874351,-74.08389268
Midland-Playground,40.57446338,-74.0988334
Midland-Field,40.57611705,-74.09853185
Lyons-Pool,40.63715866,-74.0743322
Schmul-Park,40.58890931,-74.1863635
Willowbrook-Parkway,40.56522579,-74.13080302
Jones-Woods-Park,40.63871767,-74.08913346
Forest-Grove,40.62701089,-74.17405634
Carlton-Park,40.55186657,-74.1844277
Von-Briesen-Park,40.60767429,-74.05888146
Dodgers-Triangle,40.61479813,-74.11950723
Stapleton-Playground,40.62325566,-74.0796413
Arrochar-Playground,40.59782607,-74.07062745
Old-Town-Playground,40.59541984,-74.08140688
Christopher-J-Igneri-Playground,40.60870101,-74.1198181
Richmond-Parkway,40.58818596,-74.12169752
North-Shore-Esplanade,40.64739301,-74.08032309
Gen-Douglas-MacArthur-Park,40.58677755,-74.10025879
The-Big-Park,40.63086198,-74.1644666
Terrace-Playground,40.61367516,-74.09853506
Cloves-Tail,40.61317239,-74.11369034
Great-Kills-Veterans-Playground,40.54709121,-74.15190844
Clawson-Playground,40.56050504,-74.12361559
Naples-Playground,40.60253193,-74.09027401
Father-Macris-Park,40.61675394,-74.16174352
Westwood-Park,40.60638998,-74.14186595
Ingram-Woods,40.6091788,-74.13661408
Sports-Park,40.60949601,-74.11984363
Bradys-Pond-Park,40.60554749,-74.07958192
Markham-Playground,40.62350023,-74.14607041
St-George-Park,40.64455188,-74.07790544
Northerleigh-Park,40.6228093,-74.1340868
Lemon-Creek-Park,40.51666851,-74.19984346
Annadale-Green,40.54140553,-74.17771733
Davis-Playground,40.64223945,-74.08576019
Dongan-Playground,40.58255221,-74.08900275
High-Rock-Park,40.5828142,-74.12412973
Greencroft-Playground,40.55179124,-74.1364446
Lieutenant-John-H-Martinson-Playground,40.53685894,-74.16263624
Ida-Court,40.53831577,-74.18726055
Drumgoole-Tot-Lot,40.54932677,-74.17989428
Wegener-Park,40.55257091,-74.17623825
South-Shore-Country-Club,40.55005521,-74.20530756
Prall-Playground,40.62860412,-74.11807526
Bloomingdale-Park,40.53209438,-74.21467867
New-Dorp-Park,40.56979969,-74.11846017
Tottenville-Pool,40.50544888,-74.23604209
Lt-Lia-Playground,40.64357348,-74.07981451
Meredith-Woods,40.59880105,-74.18741764
Jennifers-Playground,40.62005569,-74.16311549
Deere-Park,40.60646638,-74.10941575
Reeds-Basket-Willow-Swamp-Park,40.59895758,-74.10515312
Blue-Heron-Park,40.53044102,-74.17377757
Arden-Woods,40.55460049,-74.18932585
Siedenburg-Park,40.55662897,-74.14389103
Pralls-Island,40.60885793,-74.20052868
Skyline-Playground,40.63943563,-74.0896636
Eibs-Pond-Park,40.61027971,-74.0818365
Lopez-Playground,40.61149152,-74.08503273
Gaeta-Park,40.60997281,-74.1472187
Joseph-Manna-Park,40.62574372,-74.17695728
Shooters-Island,40.64263471,-74.15953716
Saw-Mill-Creek-Marsh,40.60703474,-74.19422197
Huguenot-Ponds-Park,40.53046337,-74.18983602
Bunker-Ponds-Park,40.52229412,-74.18272022
Arbutus-Woods-Park,40.52853986,-74.18550306
Crescent-Beach-Park,40.53589554,-74.14642026
Hybrid-Oak-Woods-Park,40.5033666,-74.23488962
Bayview-Terrace-Park,40.52634569,-74.16421342
Kingdom-Pond-Park,40.52507198,-74.18447276
Tottenville-Shore-Park,40.51014933,-74.25263507
King-Fisher-Park,40.56267445,-74.15077113
Graniteville-Swamp-Park,40.62448274,-74.17439377
Staten-Island-Industrial-Park,40.61153737,-74.17341978
Sobel-Court-Park,40.61501997,-74.08386943
Seaside-Wildlife-Nature-Park,40.54022019,-74.14178504
South-Beach-Wetlands,40.58714385,-74.0730394
Last-Chance-Pond-Park,40.58517688,-74.09826614
Ocean-Breeze-Park,40.57942235,-74.08577851
Graniteville-Quarry-Park,40.62553305,-74.1546406
Isle-Of-Meadows,40.57650848,-74.203829
Fairview-Park,40.5322376,-74.23027487
Richmond-Terrace-Cemetery,40.63929926,-74.12092218
South-Clove-Road-Cemetery,40.60879655,-74.09144867
Sylvan-Grove-Cemetery,40.59144727,-74.19205806
Sleight-Family-Graveyard,40.55677474,-74.21188793
Fort-Hill-Park,40.64110127,-74.08176377
Old-Place-Creek-Park,40.61642968,-74.18163401
Heritage-Park,40.64086795,-74.12242604
Laredo-Avenue-Parcel,40.54862211,-74.17394389
Olmsted-Beil-House-Park,40.53196835,-74.15813274
Targee-Street-Triangle,40.60858733,-74.08767003
Blueberry-Park,40.52821192,-74.16078536
Manor-Park,40.58818244,-74.12779681
Goodhue-Park,40.63481265,-74.09951365
Stapleton-Esplanade,40.62737773,-74.07341413
Brookfield-Park,40.56016877,-74.16969624
War-Memorial,40.57631118,-74.12698858
Aqueduct-Walk,40.86337146,-73.90354954
Barnhill-Square,40.86812708,-73.89967931
Bronx-Park,40.84889079,-73.87712839
Pelham-Parkway,40.85767658,-73.86196028
Bronx-River-Parkway,40.88739735,-73.86603112
Bergen-Triangle,40.85470267,-73.90133501
Castle-Hill-Park,40.81095234,-73.84653277
Claremont-Park,40.84030079,-73.90732804
Monsignor-Raul-Del-Valle-Square,40.82074105,-73.89069172
Crotona-Park,40.8390738,-73.89305094
Tremont-Park,40.84520969,-73.8951795
Crotona-Parkway-Malls,40.8454073,-73.88469082
Church-Triangle,40.8298885,-73.85028432
Devoe-Park,40.86315304,-73.90655566
Horseshoe-Playground,40.82412874,-73.89771974
Joseph-Rodman-Drake-Park,40.81029482,-73.8824501
Echo-Triangle,40.84988457,-73.90614161
Ewen-Park,40.88220425,-73.91000528
Fort-Independence-Playground,40.88204102,-73.8940583
Drew-Playground,40.83314203,-73.90334126
Benjamin-Gladstone-Square,40.82531454,-73.89106972
Graham-Triangle,40.81064669,-73.92749986
Hugh-J-Grant-Circle,40.83313066,-73.86095261
Hines-Park,40.82848951,-73.90578654
Joyce-Kilmer-Park,40.82848382,-73.92265315
Lyons-Square-Playground,40.82276868,-73.88805044
Macombs-Dam-Park,40.82752368,-73.92847287
McKinley-Square,40.83110258,-73.90069681
Mosholu-Parkway,40.8821214,-73.88545421
Mullaly-Park,40.83346039,-73.92380956
Muller-Triangle,40.86251294,-73.89813893
Murphy-Triangle,40.85118437,-73.89329508
OBrien-Oval,40.84788872,-73.90132178
Washingtons-Walk,40.87468496,-73.90092736
Pelham-Bay-Park,40.85861165,-73.80270733
Poe-Park,40.86461697,-73.89474154
Pulaski-Park,40.80522809,-73.92456494
Rose-Hill-Park,40.86220541,-73.8901273
Ryan-Triangle,40.81534679,-73.92435674
St-James-Park,40.86522985,-73.89783887
Seton-Falls-Park,40.88692011,-73.83858902
Franz-Sigel-Park,40.82336584,-73.92543118
Schneider-Sampson-Square,40.83682875,-73.82601585
University-Woods,40.85931502,-73.91485901
ONeill-Triangle,40.82370282,-73.91140162
Brust-Park,40.88990266,-73.90363814
Michel-Triangle,40.83885471,-73.90602467
Keltch-Park,40.84067186,-73.91770324
Sergeant-Johnson-Triangle,40.85797388,-73.88128549
Sheridan-Triangle,40.90491506,-73.89670854
Flood-Triangle,40.85834925,-73.89086501
Beatty-Plaza,40.83155609,-73.90176564
Martin-Luther-King-Triangle,40.8382888,-73.92336615
Bryant-Triangle,40.82663315,-73.88852935
Woodrow-Wilson-Triangle,40.81346814,-73.85806643
DAuria-Murphy-Triangle,40.85321908,-73.8891368
Hutton-Triangle,40.85230802,-73.8901396
Heath-Triangle,40.8687922,-73.90755157
Whalen-Grove,40.85106632,-73.88588228
Young-Park,40.83984274,-73.87081686
Featherbed-Triangle,40.84641672,-73.92092269
Franklin-Triangle,40.82712427,-73.90729853
Major-General-John-R-Brown-Triangle,40.86962839,-73.90417169
Henry-Hudson-Park,40.88091299,-73.92086693
Mount-Eden-Malls,40.84292761,-73.91000834
University-Malls,40.84978733,-73.91642742
DOnofrio-Square,40.88099122,-73.8644408
Slattery-Playground,40.85730656,-73.89849322
Charlton-Garden,40.82470674,-73.90710285
Zimmerman-Playground,40.86616776,-73.86874469
Pugsley-Creek-Park,40.81384024,-73.85178207
Spuyten-Duyvil-Shorefront-Park,40.87864115,-73.92117956
Van-Nest-Park,40.843437,-73.86584261
Williamsbridge-Square,40.87705675,-73.86672805
Rita-Ley-Triangle,40.89911976,-73.87321043
Hutchinson-River-Parkway,40.85140756,-73.83639958
Samuel-H-Young-Park,40.8415685,-73.83874185
Ciccarone-Park,40.85595063,-73.88672599
Peoples-Park,40.80953539,-73.91708672
Williamsbridge-Oval,40.87759834,-73.87744127
Jerome-Slope,40.83242186,-73.92591754
Garrison-Playground,40.81757252,-73.9283033
Hawkins-Park,40.84658914,-73.78646489
Henry-Hudson-Parkway,40.90078122,-73.89956387
Hackett-Park,40.9012882,-73.90516102
Bell-Tower-Park,40.88925059,-73.90837978
Cedar-Playground,40.85507224,-73.91748628
Hilton-White-Playground,40.82286814,-73.90731265
Hunts-Point-Playground,40.81413755,-73.88591114
Goble-Playground,40.8437557,-73.91701642
Mott-Playground,40.83143813,-73.91465642
Rev-J-Polite-Playground,40.82709829,-73.89708721
Soundview-Park,40.81189941,-73.86680739
Alexanders-Alley,40.81150127,-73.92322767
Bufano-Park,40.83820278,-73.83112633
Colucci-Playground,40.85282575,-73.83461781
Noble-Playground,40.83743014,-73.87228974
Watson-Gleason-Playground,40.82843527,-73.86897251
Ferry-Point-Park,40.81572208,-73.82982124
Devanney-Triangle,40.8525074,-73.9044203
Barry-Plaza,40.84314333,-73.90480409
Lozada-Playground,40.80790406,-73.9249467
Derosa-OBoyle-Triangle,40.82254466,-73.81904177
Freeman-Triangle,40.82931259,-73.88787567
Harris-Park,40.87627294,-73.89188852
Jerome-Park,40.87946207,-73.89133721
Playground-One-Thirty-Four-CXXXIV,40.80346947,-73.91774828
Gouverneur-Morris-Triangle,40.80468114,-73.91274567
Rienzi-Playground,40.88762957,-73.8585999
Riverdale-Park,40.89058131,-73.91996841
Flynn-Playground,40.82104885,-73.91193946
Starlight-Park,40.82832411,-73.88478367
Daniel-Boone-Playground,40.8295675,-73.88594663
Plimpton-Playground,40.84399375,-73.92231447
Bridge-Playground,40.8442671,-73.92419162
Featherbenches,40.8455028,-73.91473497
Inwood-Park,40.84477197,-73.91530753
Jennie-Jerome-Playground,40.84553092,-73.91343716
Jerome-Playground-South,40.84493634,-73.91372335
Walton-Slope,40.84523732,-73.91158823
Morris-Mesa,40.84531134,-73.90971908
Peace-Park,40.84514521,-73.90527053
Admiral-Farragut-Playground,40.84297503,-73.89196151
Prospect-Playground,40.84326707,-73.89070405
Fairmount-Playground,40.84276546,-73.88964117
Boone-Slope,40.83737757,-73.88230354
St-Lawrence-Triangle,40.83495739,-73.86762
Wood-Park,40.83516964,-73.8653973
Virginia-Playground,40.83429186,-73.86231295
Virginia-Park,40.8334937,-73.86211339
Chief-Dennis-L-Devlin-Park,40.83197725,-73.85478464
Havemeyer-Playground,40.82992327,-73.84799692
Miele-Park,40.83447923,-73.82636661
Fordham-Landing-Playground,40.8646612,-73.90960324
Siren-Slope,40.87669356,-73.90388648
Crescent-Park,40.87981046,-73.90213301
Cooney-Grauer-Field,40.8802914,-73.90145507
Bailey-Playground,40.88164566,-73.90038245
Van-Cortlandts-Tail,40.88607848,-73.89973044
PO-Serrano-Playground,40.82340598,-73.85100863
Vinmont-Veteran-Park,40.9024586,-73.90491026
Merriam-Playground,40.83882693,-73.92661471
Melrose-Playground,40.82043777,-73.91840771
Patterson-Playground,40.81575429,-73.92248765
Eastchester-Playground,40.86980291,-73.85278354
Mazzei-Playground,40.86259193,-73.85837298
Sedgwick-Playground,40.84559837,-73.92341067
Playground-174,40.83438438,-73.87781369
Caserta-Playground,40.83736385,-73.85398006
Gun-Hill-Playground,40.87469704,-73.86549423
Loreto-Playground,40.84905631,-73.85211905
Dawson-Playground,40.81952173,-73.89824134
Edenwald-Playground,40.88435633,-73.84490739
Behagen-Playground,40.82530737,-73.9014139
Nelson-Playground,40.83476796,-73.92683867
Agnes-Haywood-Playground,40.88034073,-73.86184752
The-Pearly-Gates,40.83873111,-73.84555763
Spuyten-Duyvil-Playground,40.88703561,-73.91575261
Allerton-Playground,40.86596955,-73.85052982
Webster-Playground,40.8593496,-73.89291129
Riverbend-Playground,40.87231443,-73.90576518
Taylor-Playground,40.83904668,-73.86614162
Castle-Hill-Playground,40.83919466,-73.8532828
Matthews-Muliner-Playground,40.8469653,-73.86153642
Playground-52-LII,40.81513317,-73.9015804
Millbrook-Playground,40.80433492,-73.91663585
Bruckner-Playground,40.8267539,-73.82860183
Dunbar-Playground,40.82303174,-73.90644391
Riverdale-Playground,40.88760786,-73.91476681
Givan-Square,40.86815016,-73.84286147
Wakefield-Playground,40.90178283,-73.8546376
Tiffany-Playground,40.82485118,-73.89436525
Bicentennial-Veterans-Memorial-Park,40.82295622,-73.81402239
Stars-and-Stripes-Playground,40.8854949,-73.8396163
Captain-Rivera-Playground,40.81793056,-73.90688824
Colgate-Close,40.8241099,-73.88149645
Haffen-Park,40.87368475,-73.83916441
Mosholu-Playground,40.87199124,-73.88315383
Clark-Playground,40.81374133,-73.92136744
Seton-Park,40.88596832,-73.91656084
Marble-Hill-Playground,40.87756444,-73.90814766
Randall-Playground,40.8193651,-73.849591
Story-Playground,40.82297779,-73.86285828
Black-Rock-Playground,40.82840049,-73.85796763
Morgan-Playground,40.83227397,-73.90744964
Pontiac-Playground,40.81422243,-73.90823697
Haviland-Playground,40.82905202,-73.85861123
Wave-Hill,40.89867082,-73.91249836
Stebbins-Playground,40.82277912,-73.89852439
Magenta-Playground,40.87374751,-73.86786689
Valentine-Varian-House,40.87732623,-73.87946016
Abigail-Playground,40.81713996,-73.9045663
Willis-Playground,40.81089058,-73.92298223
Arcilla-Playground,40.8270884,-73.91429309
Space-Time-Playground,40.82232702,-73.85987041
Gouverneur-Playground,40.83575321,-73.90342184
MacLaughlin-Playground,40.88791118,-73.90536442
I-Am-Park,40.81129168,-73.91018417
Burns-Playground,40.86318627,-73.83657841
Fountain-Of-Youth-Playground,40.81377737,-73.9053726
Grove-Hill-Playground,40.81989478,-73.90883819
Mapes-Pool,40.84662868,-73.88631723
Saw-Mill-Playground,40.80889852,-73.91935569
Castle-Hill-Little-League-Field,40.83244243,-73.84396941
Youth-Village,40.82867022,-73.90294778
Estella-Diggs-Park,40.82896754,-73.90615027
Grand-Playground,40.85603156,-73.90723606
Brook-Park,40.80956359,-73.91868859
Kingsbridge-Heights-Community-Center,40.87756366,-73.90068873
Co-op-City-Field,40.87597705,-73.823697
Bathgate-Playground,40.85221971,-73.89439097
Ambrosini-Field,40.84448451,-73.7842438
Pelham-Bay-Little-League,40.841531,-73.83940742
Mount-Hope-Playground,40.85033185,-73.90948171
Cleopatra-Playground,40.84538306,-73.90432576
Raoul-Wallenberg-Forest,40.88760064,-73.91768624
Julio-Carballo-Fields,40.81558155,-73.8892338
West-Bronx-Recreation-Center,40.84399813,-73.91949947
Harding-Park,40.80999495,-73.85675745
Quarry-Ballfields,40.85094818,-73.89098347
Field-Of-Dreams-Park,40.82659219,-73.89227788
Galileo-Playground,40.84856675,-73.91563593
Vidalia-Park,40.84333814,-73.88140682
Givans-Creek-Woods,40.87925465,-73.82991146
Grant-Park,40.8375076,-73.91237953
Rock-Garden-Park,40.83529275,-73.88506536
Mount-Hope-Garden,40.85255181,-73.90537522
Boston-Garden,40.86571324,-73.86185118
City-Island-Wetlands,40.84883963,-73.79099253
Stop-and-Go-Playground,40.84513554,-73.89877331
Beanstalk-Playground,40.85381109,-73.91676694
Printers-Park,40.82422836,-73.89096147
Rev-Lena-Irons-Unity-Park,40.83103991,-73.90665552
Ogden-Plimpton-Playground,40.8418927,-73.92372004
West-Farms-Rapids,40.84155572,-73.87752267
Mapes-Ballfield,40.84732964,-73.88578367
Longfellow-Playground,40.8255965,-73.88753788
Walton-Park,40.85524637,-73.90520165
Morris-Garden,40.85462231,-73.90401871
Palmer-Inlet,40.84391359,-73.81727399
Half-Nelson-Playground,40.84676482,-73.91929077
Davidson-Playground,40.85506911,-73.90770359
Thorpe-Family-Playground,40.85623262,-73.89489345
Tiffany-Street-Pier,40.80582334,-73.89033589
Concrete-Plant-Park,40.82689562,-73.88483598
Barretto-Point-Park,40.80555301,-73.88817449
North-Brother-Island,40.80085346,-73.89850846
South-Brother-Island,40.79639029,-73.89808736
Locust-Point-Marina,40.81371634,-73.80550159
West-Farms-Soldiers-Cemetery,40.84367384,-73.87922791
Ferris-Family-Burial-Plot,40.83885154,-73.84221953
Mohegan-Triangle,40.84429367,-73.88472966
Risse-Street-Park,40.87840942,-73.88529552
Hunts-Point-Riverside-Park,40.81770642,-73.88132732
Mill-Pond-Park,40.8229924,-73.93189254
River-Avenue-Parks,40.82528446,-73.92699711
A-Badillo-Community-Rose-Garden-and-Park,40.82489587,-73.91315019
Yolanda-Garca-Park,40.82271145,-73.9143876
5-Borough-Shops,40.8023098,-73.90993095
Fufidio-Triangle,40.81359939,-73.89132878
Deegan-Rock,40.81316931,-73.93073954
Captain-Oliver-Triangle,40.8225721,-73.90951598